{"cameraMode":{"drawMode":0,"name":"Shaded","section":"Shading Mode"},"sceneLighting":true,"audioPlay":false,"sceneViewState":{"m_AlwaysRefresh":false,"showFog":true,"showSkybox":true,"showFlares":true,"showImageEffects":true,"showParticleSystems":true,"showVisualEffectGraphs":true,"m_FxEnabled":true},"in2DMode":false,"pivot":{"x":-4.401602745056152,"y":24.980785369873048,"z":9.37472915649414},"rotation":{"x":-0.006795523688197136,"y":-0.9931265711784363,"z":0.08962319791316986,"w":-0.07521610707044602},"size":28.650835037231447,"orthographic":true}