{"cameraMode":{"drawMode":0,"name":"Shaded","section":"Shading Mode"},"sceneLighting":false,"audioPlay":false,"sceneViewState":{"showFog":true,"showMaterialUpdate":false,"showSkybox":false,"showFlares":true,"showImageEffects":true,"showParticleSystems":true},"in2DMode":false,"pivot":{"x":6.907172203063965,"y":33.336795806884769,"z":-9.063648223876954},"rotation":{"x":-0.055383842438459399,"y":-0.931192934513092,"z":0.159662663936615,"w":-0.323013037443161},"size":7.375845432281494,"orthographic":false}